<beans xmlns="http://www.springframework.org/schema/beans"
	xmlns:xsi="http://www.w3.org/2001/XMLSchema-instance"
	xmlns:context="http://www.springframework.org/schema/context"
	xsi:schemaLocation="http://www.springframework.org/schema/beans
    http://www.springframework.org/schema/beans/spring-beans-4.3.xsd
    http://www.springframework.org/schema/context
    http://www.springframework.org/schema/context/spring-context-4.3.xsd">

	<!-- Autowire byName example -->
	<bean id="employee" class="com.comviva.autowire.Employee"
		autowire="byName">
		<property name="name" value="kumar"></property>
		<!-- <property name="address" ref="address"></property> -->
	</bean>

	<bean id="address" class="com.comviva.autowire.Address">
		<property name="city" value="Bangalore"></property>
	</bean>

	<!-- Autowire byType example -->

	<bean id="employee1" class="com.comviva.autowire.Employee"
		autowire="byType">
		<property name="name" value="xyz"></property>
	</bean>

	<bean id="add1" class="com.comviva.autowire.Address"
		primary="true">
		<property name="city" value="Mysore"></property>
	</bean>

	<!-- Autowire by constructor -->
	<bean id="person" class="com.comviva.autowire.Person" autowire="constructor">
		<constructor-arg name="name" value="abc"></constructor-arg>
	</bean>

	<bean id="l" class="com.comviva.autowire.Laptop">
		<property name="brand" value="dell"></property>
	</bean>

</beans>